{
  "train_loss": [
    0.4368027289035162,
    0.3146780393394799,
    0.24863412860756764,
    0.20414211916700972
  ],
  "val_loss": [
    0.35576552401306394,
    0.3255358111670183,
    0.33358009530653815,
    0.3444022945939688
  ],
  "val_acc": [
    0.871261378413524,
    0.8758127438231469,
    0.8881664499349805,
    0.8894668400520156
  ]
}